of, de
and, y
to, a
a, una
in, en
for, para
is, es
on, en
that, ese
by, por
this, esta
with, con
i, yo
you, tú
it, eso
not, no
or, o
be, ser
are, son
at, a
as, como
your, tu
all, todos
new, nuevo
more, Más
was, estaba
we, nosotros
will, será
home, casa
us, nosotros
about, acerca de
if, Si
page, página
my, mi
free, gratis
but, pero
our, nuestro
one, uno
other, otro
no, no
information, información
time, hora
they, ellos
site, sitio
he, él
up, arriba
may, mayo
what, qué
which, cual
their, su
news, Noticias
out, afuera
any, alguna
there, ahí
only, solamente
so, asi que
his, su
when, cuando
contact, contacto
here, aquí
business, negocio
who, quien
web, web
also, además
now, ahora
help, ayuda
view, ver
online, en línea
first, primero
how, cómo
me, yo
services, servicios
some, algunos
these, estas
click, hacer clic
like, me gusta
than, que
price, precio
date, fecha
back, atrás
top, parte superior
people, gente
list, lista
name, nombre
just, sólo
over, terminado
state, estado
year, año
day, día
into, dentro
email, correo electrónico
two, dos
health, salud
world, mundo
next, siguiente
used, usado
work, trabajo
last, último
most, más
products, productos
music, música
data, datos
make, hacer
them, ellos
product, producto
system, sistema
post, enviar
her, su
city, ciudad
policy, política
number, número
such, tal
please, Por favor
available, disponible
copyright, derechos de autor
support, apoyo
message, mensaje
after, después
best, mejor
software, software
then, entonces
jan, ene
good, bueno
video, vídeo
well, bien
where, dónde
info, info
rights, derechos
public, público
books, libros
high, alto
school, colegio
through, mediante
each, cada
she, ella
review, revisión
years, años
order, orden
very, muy
privacy, intimidad
book, libro
items, artículos
company, empresa
group, grupo
many, muchos
user, usuario
under, debajo
general, general
research, investigación
university, Universidad
january, enero
mail, correo
full, completo
map, mapa
reviews, opiniones
program, programa
life, vida
games, juegos
way, camino
days, dias
management, administración
part, parte
great, genial
united, unido
hotel, hotel
real, real
item, ít
international, internacional
center, centrar
store, almacenar
comments, comentarios
development, desarrollo
report, informe
off, apagado
member, miembro
details, detalles
line, línea
terms, condiciones
before, antes de
hotels, hoteles
right, Correcto
type, tipo
because, porque
local, local
those, aquellos
using, utilizando
results, resultados
office, oficina
education, educación
national, nacional
car, coche
design, diseño
posted, al corriente
internet, Internet
address, dirección
community, comunidad
within, dentro
states, estados
area, zona
phone, teléfono
shipping, Envío
reserved, reservado
subject, tema
between, Entre
forum, foro
family, familia
long, largo
based, basado
code, código
show, espectáculo
even, incluso
black, negro
check, comprobar
special, especial
prices, precios
website, sitio web
index, índice
being, siendo
women, mujer
much, mucho
sign, firmar
file, expediente
link, enlazar
open, abierto
today, hoy
technology, tecnología
south, sur
case, caso
project, proyecto
same, mismo
pages, páginas
version, versión
section, sección
own, propio
found, encontró
sports, Deportes
house, casa
related, relacionado
security, seguridad
both, ambos
county, condado
american, americano
photo, foto
game, juego
members, miembros
power, poder
while, mientras
care, cuidado
network, red
down, abajo
computer, computadora
systems, sistemas
three, Tres
total, total
place, lugar
end, fin
following, siguiendo
download, descargar
him, él
without, sin
per, por
access, acceso
think, pensar
north, norte
resources, recursos
current, corriente
posts, puestos
big, grande
media, medios de comunicación
law, ley
control, controlar
water, agua
history, historia
pictures, imágenes
size, tamaño
art, Art º
personal, personal
since, ya que
including, incluso
guide, guía
shop, tienda
directory, directorio
board, tablero
location, ubicación
change, cambio
white, blanco
text, texto
small, pequeña
rating, clasificación
rate, tarifa
government, gobierno
children, niños
during, durante
return, regreso
students, estudiantes
shopping, compras
account, cuenta
times, veces
sites, sitios
level, nivel
digital, digital
profile, perfil
previous, anterior
form, formar
events, eventos
love, amor
old, antiguo
main, principal
call, llamada
hours, horas
image, imagen
department, Departamento
title, título
description, descripción
insurance, seguro
another, otro
why, por qué
shall, deberá
property, propiedad
class, clase
still, todavía
money, dinero
quality, calidad
every, cada
listing, listado
content, contenido
country, país
private, privado
little, pequeño
visit, visitar
save, salvar
tools, herramientas
low, bajo
reply, respuesta
customer, cliente
december, diciembre
compare, comparar
movies, películas
include, incluir
college, Universidad
value, valor
article, artículo
man, hombre
card, tarjeta
jobs, trabajos
provide, proporcionar
food, comida
source, fuente
author, autor
different, diferente
press, prensa
learn, aprender
sale, venta
around, alrededor
print, impresión
course, curso
job, trabajo
canada, Canadá
process, proceso
teen, adolescente
room, habitación
stock, valores
training, formación
too, también
credit, crédito
point, punto
join, unirse
science, ciencia
men, hombres
categories, categorías
advanced, avanzado
west, Oeste
sales, ventas
look, Mira
english, Inglés
left, izquierda
team, equipo
estate, inmuebles
box, caja
conditions, condiciones
windows, ventanas
photos, fotos
gay, gay
thread, hilo
week, semana
category, categoría
note, Nota
live, vivir
large, grande
gallery, galería
table, mesa
register, registro
however, sin embargo
june, junio
october, octubre
november, noviembre
market, mercado
library, biblioteca
really, De Verdad
action, acción
start, comienzo
series, serie
model, modelo
features, caracteristicas
air, aire
industry, industria
plan, plan
human, humano
provided, previsto
tv, televisión
yes, sí
required, necesario
second, segundo
hot, caliente
accessories, accesorios
cost, costo
movie, película
forums, foros
march, marzo
september, septiembre
better, mejor
say, decir
questions, preguntas
july, julio
going, yendo
medical, médico
test, prueba
friend, amigo
come, ven
server, servidor
study, estudiar
application, solicitud
cart, carro
staff, personal
articles, artículos
feedback, realimentación
again, otra vez
play, jugar
issues, cuestiones
april, abril
never, Nunca
users, usuarios
complete, completar
street, calle
topic, tema
comment, comentario
financial, financiero
things, cosas
working, trabajando
against, en contra
standard, estándar
tax, impuesto
person, persona
below, abajo
mobile, móvil
less, Menos
blog, Blog
party, partido
payment, pago
equipment, equipo
login, iniciar sesión
student, estudiante
let, dejar
programs, programas
offers, ofrece
legal, legal
above, encima
recent, reciente
park, parque
stores, víveres
side, lado
act, acto
problem, problema
red, rojo
give, dar
memory, memoria
performance, actuación
social, social
august, agosto
quote, citar
language, idioma
story, historia
options, opciones
experience, experiencia
rates, tarifas
create, crear
key, llave
body, cuerpo
young, joven
america, America
important, importante
field, campo
few, pocos
east, este
paper, papel
single, soltero
age, años
activities, ocupaciones
club, club
example, ejemplo
girls, chicas
additional, adicional
password, contraseña
latest, último
something, alguna cosa
road, la carretera
gift, regalo
question, pregunta
changes, cambios
night, noche
hard, difícil
texas, Texas
four, cuatro
poker, póker
status, estado
browse, vistazo
issue, problema
range, distancia
building, edificio
seller, vendedor
court, Corte
february, febrero
always, siempre
result, resultado
audio, audio
light, ligero
write, escribir
war, guerra
offer, oferta
blue, azul
groups, grupos
easy, fácil
given, dado
files, archivos
event, evento
release, lanzamiento
analysis, análisis
request, solicitud
fax, fax
china, China
making, fabricación
picture, imagen
needs, necesariamente
possible, posible
might, podría
professional, profesional
yet, todavía
month, mes
major, mayor
star, estrella
areas, áreas
future, futuro
space, espacio
committee, comité
hand, mano
sun, Dom
cards, tarjetas
problems, problemas
london, Londres
washington, Washington
meeting, reunión
become, volverse
interest, interesar
child, niño
keep, mantener
enter, entrar
california, California
share, compartir
similar, similar
garden, jardín
schools, escuelas
million, millón
added, adicional
reference, referencia
companies, compañías
listed, listado
baby, bebé
learning, aprendizaje
energy, energía
run, correr
delivery, entrega
net, red
popular, popular
term, término
film, película
stories, cuentos
put, poner
computers, ordenadores
journal, diario
reports, informes
try, tratar
welcome, Bienvenido
central, central
images, imagenes
president, presidente
notice, darse cuenta
original, original
head, cabeza
radio, radio
until, hasta
cell, célula
color, color
self, yo
council, Consejo
away, lejos
track, pista
australia, Australia
discussion, discusión
archive, archivo
once, una vez
others, otros
entertainment, entretenimiento
agreement, acuerdo
format, formato
least, menos
society, sociedad
months, meses
log, Iniciar sesión
safety, la seguridad
friends, amigos
sure, Por supuesto
trade, comercio
edition, edición
cars, coches
messages, mensajes
marketing, márketing
tell, contar
further, promover
updated, actualizado
association, asociación
able, poder
having, teniendo
provides, proporciona
david, david
fun, divertido
already, ya
green, verde
studies, estudios
close, cerrar
common, común
drive, conducir
specific, específico
several, varios
gold, oro
living, vivo
collection, colección
called, llamado
short, corto
arts, letras
lot, mucho
ask, pedir
display, monitor
limited, limitado
powered, motorizado
solutions, soluciones
means, medio
director, director
daily, diario
beach, playa
past, pasado
natural, natural
whether, ya sea
due, debido
electronics, electrónica
five, cinco
upon, sobre
period, período
planning, planificación
database, base de datos
says, dice
official, oficial
weather, clima
land, tierra
average, promedio
done, hecho
technical, técnico
window, ventana
france, Francia
region, región
island, isla
record, grabar
direct, directo
conference, conferencia
environment, ambiente
records, archivos
district, distrito
calendar, calendario
costs, costos
style, estilo
front, frente
statement, declaración
update, actualizar
parts, partes
ever, siempre
downloads, descargas
early, temprano
miles, millas
sound, sonar
resource, recurso
present, presente
applications, aplicaciones
either, ya sea
ago, hace
document, documento
word, palabra
works, trabajos
material, material
bill, cuenta
written, escrito
talk, hablar
federal, federal
hosting, alojamiento
rules, reglas
final, final
adult, adulto
tickets, Entradas
thing, cosa
centre, centrar
requirements, requisitos
via, vía
cheap, barato
kids, los niños
finance, financiar
true, cierto
minutes, minutos
else, más
mark, marca
third, tercero
rock, rock
gifts, regalos
europe, Europa
reading, leyendo
topics, temas
bad, malo
individual, individual
tips, consejos
plus, más
auto, auto
cover, cubrir
usually, generalmente
edit, editar
together, juntos
videos, videos
percent, por ciento
fast, rápido
function, función
fact, hecho
unit, unidad
getting, consiguiendo
global, global
tech, tecnología
meet, reunirse
far, lejos
economic, económico
player, jugador
projects, proyectos
lyrics, letra
often, a menudo
subscribe, suscribir
submit, enviar
germany, Alemania
amount, cantidad
watch, reloj
included, incluido
feel, sensación
though, aunque
bank, banco
risk, riesgo
thanks, Gracias
everything, todo
deals, ofertas
various, varios
words, palabras
production, producción
commercial, comercial
james, James
weight, peso
town, pueblo
heart, corazón
advertising, publicidad
received, recibido
choose, escoger
treatment, tratamiento
newsletter, hoja informativa
archives, archivo
points, puntos
knowledge, conocimiento
magazine, revista
error, error
camera, cámara
currently, actualmente
construction, construcción
toys, juguetes
clear, claro
golf, golf
receive, recibir
domain, dominio
methods, metodos
chapter, capítulo
makes, hace
protection, proteccion
policies, políticas
loan, préstamo
wide, amplio
beauty, belleza
manager, gerente
position, posición
listings, listados
models, modelos
known, conocido
half, mitad
cases, casos
step, paso
engineering, Ingenieria
simple, sencillo
quick, rápido
none, ninguna
wireless, inalámbrico
license, licencia
friday, viernes
lake, lago
whole, todo
annual, anual
published, publicado
later, luego
basic, BASIC
shows, muestra
corporate, corporativo
church, Iglesia
method, método
purchase, compra
customers, clientes
active, activo
response, respuesta
practice, práctica
figure, figura
materials, materiales
fire, fuego
holiday, vacaciones
chat, charla
enough, suficiente
designed, diseñado
along, a lo largo
among, entre
death, muerte
writing, escritura
speed, velocidad
countries, países
loss, pérdida
face, cara
brand, marca
discount, descuento
higher, mayor
effects, efectos
created, creado
remember, recuerda
standards, normas
oil, petróleo
bit, poco
yellow, amarillo
political, político
increase, incrementar
advertise, anunciar
kingdom, Reino
base, base
near, cerca
environmental, ambiental
thought, pensamiento
stuff, cosas
french, francés
storage, almacenamiento
oh, Oh
japan, Japón
doing, obra
loans, prestamos
shoes, Zapatos
entry, entrada
stay, permanecer
nature, naturaleza
orders, pedidos
availability, disponibilidad
summary, resumen
turn, giro
growth, crecimiento
notes, notas
agency, agencia
king, Rey
monday, lunes
european, europeo
activity, actividad
copy, dupdo
although, a pesar de que
drug, fármaco
western, occidental
income, ingresos
force, fuerza
cash, efectivo
employment, empleo
overall, en general
bay, bahía
river, río
commission, comisión
package, paquete
contents, contenido
players, jugadores
engine, motor
port, Puerto
album, álbum
regional, regional
stop, detener
supplies, suministros
started, empezado
administration, administración
bar, bar
institute, instituto
views, puntos de vista
plans, planes
double, doble
dog, perro
screen, pantalla
exchange, intercambiar
types, tipos
soon, pronto
sponsored, patrocinado
lines, líneas
electronic, electrónico
continue, continuar
across, a través de
benefits, beneficios
needed, necesario
season, temporada
apply, aplicar
someone, alguien
anything, cualquier cosa
printer, impresora
condition, condición
effective, eficaz
believe, creer
organization, organización
effect, efecto
asked, preguntó
mind, mente
sunday, domingo
selection, selección
casino, casino
lost, perdió
tour, excursión
menu, menú
volume, volumen
cross, cruzar
anyone, nadie
mortgage, hipoteca
hope, esperanza
silver, plata
corporation, sociedad
wish, deseo
inside, dentro
solution, solución
mature, maduro
role, papel
rather, más bien
weeks, semanas
addition, adición
came, vino
supply, suministro
nothing, nada
certain, cierto
executive, ejecutivo
running, corriendo
lower, inferior
necessary, necesario
union, Unión
jewelry, joyería
according, conforme
clothing, ropa
particular, especial
fine, multa
names, nombres
robert, Robert
homepage, página principal
hour, hora
gas, gas
skills, habilidades
six, seis
bush, arbusto
islands, islas
advice, Consejo
career, carrera
military, militar
rental, alquiler
decision, decisión
leave, salir
british, británico
teens, adolescentes
huge, enorme
woman, mujer
facilities, instalaciones
zip, cremallera
bid, oferta
kind, tipo
sellers, vendedores
middle, medio
move, movimiento
cable, cable
opportunities, oportunidades
taking, tomando
values, valores
division, división
coming, viniendo
tuesday, martes
object, objeto
lesbian, lesbiana
appropriate, apropiado
machine, máquina
logo, logo
length, longitud
actually, actualmente
nice, agradable
score, Puntuación
statistics, estadística
client, cliente
ok, De acuerdo
returns, devoluciones
capital, capital
follow, seguir
sample, muestra
investment, inversión
shown, mostrado
saturday, sábado
christmas, Navidad
culture, cultura
band, banda
lead, dirigir
choice, elección
went, fuimos
starting, comenzando
registration, registro
thursday, jueves
courses, cursos
consumer, consumidor
airport, aeropuerto
foreign, exterior
artist, artista
outside, fuera de
furniture, mueble
levels, niveles
channel, canal
letter, carta
mode, modo
phones, teléfonos móviles
ideas, ideas
wednesday, miércoles
structure, estructura
fund, financiar
summer, verano
allow, permitir
degree, la licenciatura
contract, contrato
button, botón
releases, lanzamientos
homes, hogares
super, súper
male, masculino
matter, importar
custom, personalizado
almost, casi
took, tomó
located, situado
multiple, múltiple
asian, asiático
distribution, distribución
editor, editor
inn, Posada
industrial, industrial
cause, porque
potential, potencial
song, canción
focus, atención
late, tarde
fall, otoño
featured, destacado
idea, idea
rooms, habitaciones
female, hembra
responsible, responsable
communications, comunicaciones
win, ganar
associated, asociado
primary, primario
cancer, cáncer
numbers, números
reason, razón
tool, herramienta
spring, primavera
foundation, Fundación
answer, responder
voice, voz
friendly, simpático
schedule, programar
documents, documentos
communication, comunicación
purpose, propósito
feature, característica
bed, cama
comes, viene
police, policía
everyone, todo el mundo
independent, independiente
approach, enfoque
cameras, camaras
brown, marrón
physical, físico
operating, operando
hill, colina
maps, mapas
medicine, medicina
deal, acuerdo
hold, sostener
ratings, calificaciones
forms, formas
glass, vaso
happy, feliz
wanted, querido
developed, desarrollado
thank, gracias
safe, seguro
unique, único
survey, encuesta
prior, anterior
telephone, teléfono
sport, deporte
ready, Listo
feed, alimentar
animal, animal
sources, fuentes
population, población
regular, regular
secure, seguro
navigation, navegación
operations, operaciones
therefore, por lo tanto
simply, simplemente
evidence, evidencia
station, estación
christian, cristiano
round, redondo
favorite, favorito
understand, entender
option, opción
master, dominar
valley, Valle
recently, recientemente
probably, probablemente
rentals, alquileres
sea, mar
built, construido
publications, publicaciones
blood, sangre
cut, cortar
worldwide, en todo el mundo
improve, mejorar
connection, conexión
publisher, editor
hall, sala
larger, mas grande
networks, redes
earth, tierra
parents, los padres
impact, impacto
transfer, transferir
introduction, Introducción
kitchen, cocina
strong, fuerte
wedding, Boda
properties, propiedades
hospital, hospital
ground, suelo
overview, visión general
ship, enviar
accommodation, alojamiento
owners, propietarios
disease, enfermedad
excellent, excelente
paid, pagado
italy, Italia
perfect, Perfecto
hair, pelo
opportunity, oportunidad
kit, equipo
classic, clásico
basis, base
command, mando
cities, ciudades
express, exprimir
award, premio
distance, distancia
tree, árbol
assessment, evaluación
ensure, asegurar
thus, así
wall, pared
involved, involucrado
extra, extra
especially, especialmente
partners, fogonadura
budget, presupuesto
rated, clasificado
guides, guias
success, éxito
maximum, máximo
operation, operación
existing, existente
quite, bastante
selected, seleccionado
boy, niño
patients, pacientes
restaurants, restaurantes
beautiful, hermoso
warning, advertencia
wine, vino
locations, localizaciones
horse, caballo
vote, votar
forward, adelante
flowers, las flores
stars, estrellas
significant, significativo
lists, liza
technologies, tecnologías
owner, propietario
retail, Al por menor
animals, animales
useful, útil
directly, directamente
manufacturer, fabricante
ways, formas
son, hijo
providing, siempre que
rule, regla
housing, alojamiento
takes, toma
bring, traer
catalog, catalogar
searches, búsquedas
trying, molesto
mother, madre
authority, autoridad
considered, considerado
told, dicho
traffic, tráfico
programme, programa
joined, unido
input, entrada
strategy, estrategia
feet, pies
agent, agente
valid, válido
bin, compartimiento
modern, moderno
senior, mayor
teaching, enseñando
door, puerta
grand, grandioso
testing, pruebas
trial, juicio
charge, cargar
units, unidades
instead, en lugar
cool, guay
normal, normal
wrote, escribió
enterprise, empresa
ships, barcos
entire, todo
educational, educativo
leading, líder
metal, metal
positive, positivo
fitness, aptitud
opinion, opinión
asia, Asia
football, fútbol
abstract, resumen
uses, usos
output, salida
funds, fondos
greater, mayor
likely, probable
develop, desarrollar
employees, empleados
artists, artistas
alternative, alternativa
processing, tratamiento
responsibility, responsabilidad
resolution, resolución
guest, huésped
seems, parece
publication, publicación
pass, pasar
relations, relaciones
trust, confianza
van, camioneta
contains, contiene
session, sesión
multi, multi
photography, fotografía
republic, república
fees, matrícula
components, componentes
vacation, vacaciones
century, siglo
academic, académico
assistance, asistencia
completed, terminado
